Workbook

Sheet Raw data2
A1: Date | B1: Apple | C1: Amazon | D1: Tesla | E1: Nvidia | F1: S&P 500 | G1: Month ends | H1: T/F
A2: 42345 | B2: 26.7613 | C2: 33.4915 | D2: 15.4087 | E2: 0.807844 | F2: 2077.07 | G2: =TEXT(A2,"mm-yyyy") -> 12-2015 | H2: =A2 = _xlfn.MAXIFS($A$2:$A$6000, $G$2:$G$6000, G2) -> FALSE
A3: 42346 | B3: 26.7484 | C3: 33.8665 | D3: 15.1147 | E3: 0.818809 | F3: 2063.59 | G3: =TEXT(A3,"mm-yyyy") -> 12-2015 | H3: =A3 = _xlfn.MAXIFS($A$2:$A$6000, $G$2:$G$6000, G3) -> FALSE
A4: 42347 | B4: 26.1572 | C4: 33.2395 | D4: 14.968 | E4: 0.798069 | F4: 2047.62 | G4: =TEXT(A4,"mm-yyyy") -> 12-2015 | H4: =A4 = _xlfn.MAXIFS($A$2:$A$6000, $G$2:$G$6000, G4) -> FALSE
A5: 42348 | B5: 26.2843 | C5: 33.116 | D5: 15.138 | E5: 0.80469 | F5: 2052.23 | G5: =TEXT(A5,"mm-yyyy") -> 12-2015 | H5: =A5 = _xlfn.MAXIFS($A$2:$A$6000, $G$2:$G$6000, G5) -> FALSE
A6: 42349 | B6: 25.6093 | C6: 32.0075 | D6: 14.468 | E6: 0.792706 | F6: 2012.37 | G6: =TEXT(A6,"mm-yyyy") -> 12-2015 | H6: =A6 = _xlfn.MAXIFS($A$2:$A$6000, $G$2:$G$6000, G6) -> FALSE
A7: 42352 | B7: 25.4448 | C7: 32.8955 | D7: 14.572 | E7: 0.794655 | F7: 2021.94 | G7: =TEXT(A7,"mm-yyyy") -> 12-2015 | H7: =A7 = _xlfn.MAXIFS($A$2:$A$6000, $G$2:$G$6000, G7) -> FALSE
A8: 42353 | B8: 24.9982 | C8: 32.932 | D8: 14.7393 | E8: 0.80444 | F8: 2043.41 | G8: =TEXT(A8,"mm-yyyy") -> 12-2015 | H8: =A8 = _xlfn.MAXIFS($A$2:$A$6000, $G$2:$G$6000, G8) -> FALSE
A9: 42354 | B9: 25.1874 | C9: 33.7885 | D9: 15.634 | E9: 0.809302 | F9: 2073.07 | G9: =TEXT(A9,"mm-yyyy") -> 12-2015 | H9: =A9 = _xlfn.MAXIFS($A$2:$A$6000, $G$2:$G$6000, G9) -> FALSE
A10: 42355 | B10: 24.6532 | C10: 33.5325 | D10: 15.5593 | E10: 0.797101 | F10: 2041.89 | G10: =TEXT(A10,"mm-yyyy") -> 12-2015 | H10: =A10 = _xlfn.MAXIFS($A$2:$A$6000, $G$2:$G$6000, G10) -> FALSE
A11: 42356 | B11: 23.9919 | C11: 33.207 | D11: 15.364 | E11: 0.78418 | F11: 2005.55 | G11: =TEXT(A11,"mm-yyyy") -> 12-2015 | H11: =A11 = _xlfn.MAXIFS($A$2:$A$6000, $G$2:$G$6000, G11) -> FALSE
A12: 42359 | B12: 24.2809 | C12: 33.2255 | D12: 15.504 | E12: 0.802721 | F12: 2021.15 | G12: =TEXT(A12,"mm-yyyy") -> 12-2015 | H12: =A12 = _xlfn.MAXIFS($A$2:$A$6000, $G$2:$G$6000, G12) -> FALSE
A13: 42360 | B13: 24.2612 | C13: 33.1575 | D13: 15.33 | E13: 0.80344 | F13: 2038.97 | G13: =TEXT(A13,"mm-yyyy") -> 12-2015 | H13: =A13 = _xlfn.MAXIFS($A$2:$A$6000, $G$2:$G$6000, G13) -> FALSE
... A2516: 45996 | B2516: 278.78 | C2516: 229.53 | D2516: 455 | E2516: 182.41 | F2516: 6870.4 | G2516: =TEXT(A2516,"mm-yyyy") -> 12-2025 | H2516: =A2516 = _xlfn.MAXIFS($A$2:$A$6000, $G$2:$G$6000, G2516) -> TRUE
A2517: 45996 | G2517: =TEXT(A2517,"mm-yyyy") -> 12-2025 | H2517: =A2517 = _xlfn.MAXIFS($A$2:$A$6000, $G$2:$G$6000, G2517) -> TRUE

Sheet Daily Return
A1: Date | B1: Apple | C1: Amazon | D1: Tesla | E1: Nvidia | F1: S&P 500 | G1: Apple(Daily Return) | H1: Amazon(Daily Rerturn) | I1: Tesla4(Daily Return) | J1: Nvidia(Daily return) | K1: S&P 500(Daily Return)
A2: 42345 | B2: 26.7613 | C2: 33.4915 | D2: 15.4087 | E2: 0.807844 | F2: 2077.07
A3: 42346 | B3: 26.7484 | C3: 33.8665 | D3: 15.1147 | E3: 0.818809 | F3: 2063.59 | G3: =(Table2[[#This Row],[Apple]]-B2)/B2 -> -0.00048203936 | H3: =(Table2[[#This Row],[Amazon]]-C2)/C2 -> 0.011196871 | I3: =(Table2[[#This Row],[Tesla]]-D2)/D2 -> -0.01908013 | J3: =(Table2[[#This Row],[Nvidia]]-E2)/E2 -> 0.013573165 | K3: =(Table2[[#This Row],[S&P 500]]-F2)/F2 -> -0.0064899113
A4: 42347 | B4: 26.1572 | C4: 33.2395 | D4: 14.968 | E4: 0.798069 | F4: 2047.62 | G4: =(Table2[[#This Row],[Apple]]-B3)/B3 -> -0.022102257 | H4: =(Table2[[#This Row],[Amazon]]-C3)/C3 -> -0.018513871 | I4: =(Table2[[#This Row],[Tesla]]-D3)/D3 -> -0.0097057831 | J4: =(Table2[[#This Row],[Nvidia]]-E3)/E3 -> -0.025329472 | K4: =(Table2[[#This Row],[S&P 500]]-F3)/F3 -> -0.0077389404
A5: 42348 | B5: 26.2843 | C5: 33.116 | D5: 15.138 | E5: 0.80469 | F5: 2052.23 | G5: =(Table2[[#This Row],[Apple]]-B4)/B4 -> 0.0048590828 | H5: =(Table2[[#This Row],[Amazon]]-C4)/C4 -> -0.003715459 | I5: =(Table2[[#This Row],[Tesla]]-D4)/D4 -> 0.011357563 | J5: =(Table2[[#This Row],[Nvidia]]-E4)/E4 -> 0.0082962751 | K5: =(Table2[[#This Row],[S&P 500]]-F4)/F4 -> 0.0022513943
A6: 42349 | B6: 25.6093 | C6: 32.0075 | D6: 14.468 | E6: 0.792706 | F6: 2012.37 | G6: =(Table2[[#This Row],[Apple]]-B5)/B5 -> -0.02568073 | H6: =(Table2[[#This Row],[Amazon]]-C5)/C5 -> -0.033473246 | I6: =(Table2[[#This Row],[Tesla]]-D5)/D5 -> -0.044259479 | J6: =(Table2[[#This Row],[Nvidia]]-E5)/E5 -> -0.014892692 | K6: =(Table2[[#This Row],[S&P 500]]-F5)/F5 -> -0.019422774
A7: 42352 | B7: 25.4448 | C7: 32.8955 | D7: 14.572 | E7: 0.794655 | F7: 2021.94 | G7: =(Table2[[#This Row],[Apple]]-B6)/B6 -> -0.0064234477 | H7: =(Table2[[#This Row],[Amazon]]-C6)/C6 -> 0.027743498 | I7: =(Table2[[#This Row],[Tesla]]-D6)/D6 -> 0.0071882776 | J7: =(Table2[[#This Row],[Nvidia]]-E6)/E6 -> 0.0024586669 | K7: =(Table2[[#This Row],[S&P 500]]-F6)/F6 -> 0.0047555867
A8: 42353 | B8: 24.9982 | C8: 32.932 | D8: 14.7393 | E8: 0.80444 | F8: 2043.41 | G8: =(Table2[[#This Row],[Apple]]-B7)/B7 -> -0.01755172 | H8: =(Table2[[#This Row],[Amazon]]-C7)/C7 -> 0.0011095743 | I8: =(Table2[[#This Row],[Tesla]]-D7)/D7 -> 0.011480922 | J8: =(Table2[[#This Row],[Nvidia]]-E7)/E7 -> 0.01231352 | K8: =(Table2[[#This Row],[S&P 500]]-F7)/F7 -> 0.010618515
A9: 42354 | B9: 25.1874 | C9: 33.7885 | D9: 15.634 | E9: 0.809302 | F9: 2073.07 | G9: =(Table2[[#This Row],[Apple]]-B8)/B8 -> 0.0075685449 | H9: =(Table2[[#This Row],[Amazon]]-C8)/C8 -> 0.026008138 | I9: =(Table2[[#This Row],[Tesla]]-D8)/D8 -> 0.060701662 | J9: =(Table2[[#This Row],[Nvidia]]-E8)/E8 -> 0.006043956 | K9: =(Table2[[#This Row],[S&P 500]]-F8)/F8 -> 0.014514953
A10: 42355 | B10: 24.6532 | C10: 33.5325 | D10: 15.5593 | E10: 0.797101 | F10: 2041.89 | G10: =(Table2[[#This Row],[Apple]]-B9)/B9 -> -0.021209017 | H10: =(Table2[[#This Row],[Amazon]]-C9)/C9 -> -0.0075765423 | I10: =(Table2[[#This Row],[Tesla]]-D9)/D9 -> -0.0047780478 | J10: =(Table2[[#This Row],[Nvidia]]-E9)/E9 -> -0.015075954 | K10: =(Table2[[#This Row],[S&P 500]]-F9)/F9 -> -0.015040495
A11: 42356 | B11: 23.9919 | C11: 33.207 | D11: 15.364 | E11: 0.78418 | F11: 2005.55 | G11: =(Table2[[#This Row],[Apple]]-B10)/B10 -> -0.026824104 | H11: =(Table2[[#This Row],[Amazon]]-C10)/C10 -> -0.0097070007 | I11: =(Table2[[#This Row],[Tesla]]-D10)/D10 -> -0.012551979 | J11: =(Table2[[#This Row],[Nvidia]]-E10)/E10 -> -0.016209991 | K11: =(Table2[[#This Row],[S&P 500]]-F10)/F10 -> -0.017797237
A12: 42359 | B12: 24.2809 | C12: 33.2255 | D12: 15.504 | E12: 0.802721 | F12: 2021.15 | G12: =(Table2[[#This Row],[Apple]]-B11)/B11 -> 0.012045732 | H12: =(Table2[[#This Row],[Amazon]]-C11)/C11 -> 0.00055711145 | I12: =(Table2[[#This Row],[Tesla]]-D11)/D11 -> 0.0091122104 | J12: =(Table2[[#This Row],[Nvidia]]-E11)/E11 -> 0.023643806 | K12: =(Table2[[#This Row],[S&P 500]]-F11)/F11 -> 0.0077784149
A13: 42360 | B13: 24.2612 | C13: 33.1575 | D13: 15.33 | E13: 0.80344 | F13: 2038.97 | G13: =(Table2[[#This Row],[Apple]]-B12)/B12 -> -0.00081133731 | H13: =(Table2[[#This Row],[Amazon]]-C12)/C12 -> -0.0020466208 | I13: =(Table2[[#This Row],[Tesla]]-D12)/D12 -> -0.01122291 | J13: =(Table2[[#This Row],[Nvidia]]-E12)/E12 -> 0.00089570349 | K13: =(Table2[[#This Row],[S&P 500]]-F12)/F12 -> 0.0088167627
A14: 42361 | B14: 24.5735 | C14: 33.185 | D14: 15.3133 | E14: 0.806655 | F14: 2064.29 | G14: =(Table2[[#This Row],[Apple]]-B13)/B13 -> 0.012872405 | H14: =(Table2[[#This Row],[Amazon]]-C13)/C13 -> 0.00082937495 | I14: =(Table2[[#This Row],[Tesla]]-D13)/D13 -> -0.0010893673 | J14: =(Table2[[#This Row],[Nvidia]]-E13)/E13 -> 0.0040015434 | K14: =(Table2[[#This Row],[S&P 500]]-F13)/F13 -> 0.012418035
... A2516: 45996 | B2516: 278.78 | C2516: 229.53 | D2516: 455 | E2516: 182.41 | F2516: 6870.4 | G2516: =(Table2[[#This Row],[Apple]]-B2515)/B2515 -> -0.0068400428 | H2516: =(Table2[[#This Row],[Amazon]]-C2515)/C2515 -> 0.0018331806 | I2516: =(Table2[[#This Row],[Tesla]]-D2515)/D2515 -> 0.0010340352 | J2516: =(Table2[[#This Row],[Nvidia]]-E2515)/E2515 -> -0.0052895627 | K2516: =(Table2[[#This Row],[S&P 500]]-F2515)/F2515 -> 0.0019366731
A2517: 45996

Sheet MOnthly Return
A1: Month ends | B1: Apple | C1: Amazon | D1: Tesla | E1: Nvidia | F1: S&P 500 | G1: Apple | H1: Amazon | I1: Tesla | J1: Nvidia | K1: S&P 500
A2: 12-2015 | B2: 23.8177 | C2: 33.7945 | D2: 16.0007 | E2: 0.80419 | F2: 2043.94 | G2: NA | H2: NA | I2: NA | J2: NA | K2: NA
A3: 01-2016 | B3: 22.0199 | C3: 29.2805 | D3: 12.7407 | E3: 0.714653 | F3: 1940.24 | G3: =(B3-B2)/B2 -> -0.07548168 | H3: =(C3-C2)/C2 -> -0.13357203 | I3: =(D3-D2)/D2 -> -0.20374109 | J3: =(E3-E2)/E2 -> -0.11133812 | K3: =(F3-F2)/F2 -> -0.050735344
A4: 02-2016 | B4: 21.9925 | C4: 27.626 | D4: 12.7953 | E4: 0.767932 | F4: 1932.23 | G4: =(B4-B3)/B3 -> -0.001244329 | H4: =(C4-C3)/C3 -> -0.056505183 | I4: =(D4-D3)/D3 -> 0.0042854788 | J4: =(E4-E3)/E3 -> 0.074552265 | K4: =(F4-F3)/F3 -> -0.0041283553
A5: 03-2016 | B5: 24.7912 | C5: 29.682 | D5: 15.318 | E5: 0.872537 | F5: 2059.74 | G5: =(B5-B4)/B4 -> 0.12725702 | H5: =(C5-C4)/C4 -> 0.074422645 | I5: =(D5-D4)/D4 -> 0.19715833 | J5: =(E5-E4)/E4 -> 0.13621649 | K5: =(F5-F4)/F4 -> 0.065991109
A6: 04-2016 | B6: 21.3214 | C6: 32.9795 | D6: 16.0507 | E6: 0.870071 | F6: 2065.3 | G6: =(B6-B5)/B5 -> -0.13996095 | H6: =(C6-C5)/C5 -> 0.11109427 | I6: =(D6-D5)/D5 -> 0.047832615 | J6: =(E6-E5)/E5 -> -0.0028262412 | K6: =(F6-F5)/F5 -> 0.0026993698
A7: 05-2016 | B7: 22.8527 | C7: 36.1395 | D7: 14.882 | E7: 1.14701 | F7: 2096.95 | G7: =(B7-B6)/B6 -> 0.071819862 | H7: =(C7-C6)/C6 -> 0.095817099 | I7: =(D7-D6)/D6 -> -0.072813024 | J7: =(E7-E6)/E6 -> 0.31829471 | K7: =(F7-F6)/F6 -> 0.01532465
A8: 06-2016 | B8: 21.879 | C8: 35.781 | D8: 14.152 | E8: 1.15418 | F8: 2098.86 | G8: =(B8-B7)/B7 -> -0.042607657 | H8: =(C8-C7)/C7 -> -0.0099198937 | I8: =(D8-D7)/D7 -> -0.049052547 | J8: =(E8-E7)/E7 -> 0.0062510353 | K8: =(F8-F7)/F7 -> 0.00091084671
A9: 07-2016 | B9: 23.85 | C9: 37.9405 | D9: 15.6527 | E9: 1.40198 | F9: 2173.6 | G9: =(B9-B8)/B8 -> 0.090086384 | H9: =(C9-C8)/C8 -> 0.06035326 | I9: =(D9-D8)/D8 -> 0.10604155 | J9: =(E9-E8)/E8 -> 0.21469788 | K9: =(F9-F8)/F8 -> 0.035609807
A10: 08-2016 | B10: 24.4157 | C10: 38.458 | D10: 14.134 | E10: 1.50875 | F10: 2170.95 | G10: =(B10-B9)/B9 -> 0.023719078 | H10: =(C10-C9)/C9 -> 0.013639778 | I10: =(D10-D9)/D9 -> -0.097024794 | J10: =(E10-E9)/E9 -> 0.076156579 | K10: =(F10-F9)/F9 -> -0.0012191756
A11: 09-2016 | B11: 26.0094 | C11: 41.8655 | D11: 13.602 | E11: 1.68548 | F11: 2168.27 | G11: =(B11-B10)/B10 -> 0.065273574 | H11: =(C11-C10)/C10 -> 0.088603151 | I11: =(D11-D10)/D10 -> -0.037639734 | J11: =(E11-E10)/E10 -> 0.1171367 | K11: =(F11-F10)/F10 -> -0.0012344826
A12: 10-2016 | B12: 26.1227 | C12: 39.491 | D12: 13.182 | E12: 1.7503 | F12: 2126.15 | G12: =(B12-B11)/B11 -> 0.0043561174 | H12: =(C12-C11)/C11 -> -0.056717345 | I12: =(D12-D11)/D11 -> -0.030877812 | J12: =(E12-E11)/E11 -> 0.038457887 | K12: =(F12-F11)/F11 -> -0.019425625
A13: 11-2016 | B13: 25.5598 | C13: 37.5285 | D13: 12.6267 | E13: 2.27119 | F13: 2198.81 | G13: =(B13-B12)/B12 -> -0.021548309 | H13: =(C13-C12)/C12 -> -0.049694867 | I13: =(D13-D12)/D12 -> -0.042125626 | J13: =(E13-E12)/E12 -> 0.29760041 | K13: =(F13-F12)/F12 -> 0.034174447
A14: 12-2016 | B14: 26.7858 | C14: 37.4935 | D14: 14.246 | E14: 2.62948 | F14: 2238.83 | G14: =(B14-B13)/B13 -> 0.047965947 | H14: =(C14-C13)/C13 -> -0.00093262454 | I14: =(D14-D13)/D13 -> 0.12824412 | J14: =(E14-E13)/E13 -> 0.15775431 | K14: =(F14-F13)/F13 -> 0.018200754
... A122: 12-2025 | B122: 278.78 | C122: 229.53 | D122: 455 | E122: 182.41 | F122: 6870.4 | G122: =(B122-B121)/B121 -> -0.00025103102 | H122: =(C122-C121)/C121 -> -0.015821971 | I122: =(D122-D121)/D121 -> 0.057721366 | J122: =(E122-E121)/E121 -> 0.030564972 | K122: =(F122-F121)/F121 -> 0.0031113622
A123: 12-2025 | G123: =(B123-B122)/B122 -> -1 | H123: =(C123-C122)/C122 -> -1 | I123: =(D123-D122)/D122 -> -1 | J123: =(E123-E122)/E122 -> -1 | K123: =(F123-F122)/F122 -> -1

Sheet Annual Return
A1: Month ends | B1: Apple | C1: Amazon | D1: Tesla | E1: Nvidia | F1: S&P 500 | G1: Apple | H1: Amazon | I1: Tesla | J1: Nvidia | K1: S&P 500
A2: 12-2015 | B2: 23.8177 | C2: 33.7945 | D2: 16.0007 | E2: 0.80419 | F2: 2043.94 | G2: NA | H2: NA | I2: NA | J2: NA | K2: NA
A3: 12-2016 | B3: 26.7858 | C3: 37.4935 | D3: 14.246 | E3: 2.62948 | F3: 2238.83 | G3: =(B3-B2)/B2 -> 0.12461741 | H3: =(C3-C2)/C2 -> 0.10945568 | I3: =(D3-D2)/D2 -> -0.10966395 | J3: =(E3-E2)/E2 -> 2.2697248 | K3: =(F3-F2)/F2 -> 0.095350157
A4: 12-2017 | B4: 39.767 | C4: 58.4735 | D4: 20.7567 | E4: 4.78507 | F4: 2673.61 | G4: =(B4-B3)/B3 -> 0.48462992 | H4: =(C4-C3)/C3 -> 0.55956366 | I4: =(D4-D3)/D3 -> 0.45701951 | J4: =(E4-E3)/E3 -> 0.81977805 | K4: =(F4-F3)/F3 -> 0.19419965
A5: 12-2018 | B5: 37.6255 | C5: 75.0985 | D5: 22.1867 | E5: 3.31047 | F5: 2506.85 | G5: =(B5-B4)/B4 -> -0.053851183 | H5: =(C5-C4)/C4 -> 0.28431683 | I5: =(D5-D4)/D4 -> 0.068893418 | J5: =(E5-E4)/E4 -> -0.30816686 | K5: =(F5-F4)/F4 -> -0.062372597
A6: 12-2019 | B6: 71.0911 | C6: 92.392 | D6: 27.8887 | E6: 5.85806 | F6: 3230.78 | G6: =(B6-B5)/B5 -> 0.88943934 | H6: =(C6-C5)/C5 -> 0.23027757 | I6: =(D6-D5)/D5 -> 0.25700082 | J6: =(E6-E5)/E5 -> 0.76955538 | K6: =(F6-F5)/F5 -> 0.28878074
A7: 12-2020 | B7: 129.613 | C7: 162.846 | D7: 235.223 | E7: 13.0216 | F7: 3756.07 | G7: =(B7-B6)/B6 -> 0.82319587 | H7: =(C7-C6)/C6 -> 0.7625552 | I7: =(D7-D6)/D6 -> 7.434348 | J7: =(E7-E6)/E6 -> 1.2228519 | K7: =(F7-F6)/F6 -> 0.16258922
A8: 12-2021 | B8: 174.514 | C8: 166.717 | D8: 352.26 | E8: 29.3623 | F8: 4766.18 | G8: =(B8-B7)/B7 -> 0.34642358 | H8: =(C8-C7)/C7 -> 0.023770925 | I8: =(D8-D7)/D7 -> 0.49755764 | J8: =(E8-E7)/E7 -> 1.2548919 | K8: =(F8-F7)/F7 -> 0.26892736
A9: 12-2022 | B9: 128.437 | C9: 84 | D9: 123.18 | E9: 14.6034 | F9: 3839.5 | G9: =(B9-B8)/B8 -> -0.26403039 | H9: =(C9-C8)/C8 -> -0.49615216 | I9: =(D9-D8)/D8 -> -0.65031511 | J9: =(E9-E8)/E8 -> -0.50264795 | K9: =(F9-F8)/F8 -> -0.19442824
A10: 12-2023 | B10: 191.382 | C10: 151.94 | D10: 248.48 | E10: 49.508 | F10: 4769.83 | G10: =(B10-B9)/B9 -> 0.49008463 | H10: =(C10-C9)/C9 -> 0.80880952 | I10: =(D10-D9)/D9 -> 1.0172106 | J10: =(E10-E9)/E9 -> 2.3901694 | K10: =(F10-F9)/F9 -> 0.24230499
A11: 12-2024 | B11: 250.145 | C11: 219.39 | D11: 403.84 | E11: 134.29 | F11: 5881.63 | G11: =(B11-B10)/B10 -> 0.30704559 | H11: =(C11-C10)/C10 -> 0.44392523 | I11: =(D11-D10)/D10 -> 0.62524147 | J11: =(E11-E10)/E10 -> 1.7124909 | K11: =(F11-F10)/F10 -> 0.23309007
A12: 12-2025 | B12: 278.78 | C12: 229.53 | D12: 455 | E12: 182.41 | F12: 6870.4 | G12: =(B12-B11)/B11 -> 0.11447361 | H12: =(C12-C11)/C11 -> 0.046219062 | I12: =(D12-D11)/D11 -> 0.12668384 | J12: =(E12-E11)/E11 -> 0.35832899 | K12: =(F12-F11)/F11 -> 0.16811156

Sheet Volatility
A1: Metrics | B1: Apple | C1: Amazon | D1: Tesla | E1: Nvidia | F1: S&P 500
A2: Daily Volatility | B2: 0.018332885 | C2: 0.020716882 | D2: 0.037349836 | E2: 0.031405401 | F2: =STDEV(Table2[S&P 500(Daily Return)]) -> 0.011445321
A3: Monthly Volatility | B3: =B2*SQRT(21) -> 0.084011833 | C3: =C2*SQRT(21) -> 0.094936682 | D3: =D2*SQRT(21) -> 0.17115845 | E3: =E2*SQRT(21) -> 0.14391763 | F3: =F2*SQRT(21) -> 0.052449049
A4: Annual Volatility | B4: =B2*SQRT(252) -> 0.29102552 | C4: =C2*SQRT(252) -> 0.32887031 | D4: =D2*SQRT(252) -> 0.59291026 | E4: =E2*SQRT(252) -> 0.49854528 | F4: =F2*SQRT(252) -> 0.18168883

Sheet Sharpe ratio
A1: Stocks | B1: Sharpe(Daily) | C1: Sharpe(Monthly) | D1: Sharpe(Yearly)
A2: Apple | B2: =(AVERAGE(Table2[Apple(Daily Return)])-0.00027)/Volatility!B2 -> 0.045293117 | C2: =B2*SQRT(21) -> 0.20755914 | D2: =B2*SQRT(252) -> 0.71900594
A3: Amazon | B3: =(AVERAGE(Table2[Amazon(Daily Rerturn)])-0.00027)/Volatility!C2 -> 0.03427107 | C3: =B3*SQRT(21) -> 0.15704977 | D3: =B3*SQRT(252) -> 0.54403636
A4: Tesla | B4: =(AVERAGE(Table2[Tesla4(Daily Return)])-0.00027)/Volatility!D2 -> 0.047433578 | C4: =B4*SQRT(21) -> 0.21736796 | D4: =B4*SQRT(252) -> 0.75298471
A5: Nvidia | B5: =(AVERAGE(Table2[Nvidia(Daily return)])-0.00027)/Volatility!E2 -> 0.075681074 | C5: =B5*SQRT(21) -> 0.34681425 | D5: =B5*SQRT(252) -> 1.2013998
A6: S&P 500 | B6: =(AVERAGE(Table2[S&P 500(Daily Return)])-0.00027)/Volatility!F2 -> 0.023735214 | C6: =B6*SQRT(21) -> 0.10876842 | D6: =B6*SQRT(252) -> 0.37678485

Sheet Beta
A1: Stocks | B1: Beta
A2: Apple | B2: =_xlfn.COVARIANCE.P(Table2[Apple(Daily Return)],Table2[S&P 500(Daily Return)])/VAR(Table2[S&P 500(Daily Return)]) -> 1.2072535
A3: Amazon | B3: =_xlfn.COVARIANCE.S(Table2[Amazon(Daily Rerturn)],Table2[S&P 500(Daily Return)])/VAR(Table2[S&P 500(Daily Return)]) -> 1.1750573
A4: Tesla | B4: =_xlfn.COVARIANCE.S(Table2[Tesla4(Daily Return)],Table2[S&P 500(Daily Return)])/VAR(Table2[S&P 500(Daily Return)]) -> 1.6059706
A5: Nvidia | B5: =_xlfn.COVARIANCE.S(Table2[Nvidia(Daily return)],Table2[S&P 500(Daily Return)])/VAR(Table2[S&P 500(Daily Return)]) -> 1.7936525

Sheet Maximum Drawdown
A1: Stocks | B1: Maximum Draw Down
A2: Apple | B2: -0.38517722
A3: Amazon | B3: =MIN('Max Drawdown (Full)'!G2:G2516) -> -0.56145147
A4: Tesla | B4: =MIN('Max Drawdown (Full)'!J2:J2516) -> -0.73632217
A5: Nvidia | B5: =MIN('Max Drawdown (Full)'!M2:M2516) -> -0.66335097
A6: S&P 500 | B6: =MIN('Max Drawdown (Full)'!P2:P2516) -> -0.33924959

Sheet Max Drawdown (Full)
A1: date | B1: apple (closing price) | C1: Cumulative Max | D1: Down | E1: Amazon | F1: Peak Close | G1: Down | H1: Tesla | I1: Peak Close | J1: Down | K1: Nvidia | L1: Peak Close | M1: Down | N1: S&P 500 (Closing Price) | O1: Peak Close | P1: Down | U1: Stocks/Market | V1: Max Draw Down
A2: 42345 | B2: 26.7613 | C2: =MAX($B$2:B2) -> 26.7613 | D2: =(B2 - C2) / C2 -> 0 | E2: 33.4915 | F2: =MAX($E$2:E2) -> 33.4915 | G2: =(E2-F2)/F2 -> 0 | H2: 15.4087 | I2: =MAX($H$2:H2) -> 15.4087 | J2: =(H2-I2)/I2 -> 0 | K2: 0.807844 | L2: =MAX($K$2:K2) -> 0.807844 | M2: =(K2-L2)/L2 -> 0 | N2: 2077.07 | O2: =MAX($N$2:N2) -> 2077.07 | P2: =(N2-O2)/O2 -> 0 | U2: Apple | V2: -0.38517722
A3: 42346 | B3: 26.7484 | C3: =MAX($B$2:B3) -> 26.7613 | D3: =(B3 - C3) / C3 -> -0.00048203936 | E3: 33.8665 | F3: =MAX($E$2:E3) -> 33.8665 | G3: =(E3-F3)/F3 -> 0 | H3: 15.1147 | I3: =MAX($H$2:H3) -> 15.4087 | J3: =(H3-I3)/I3 -> -0.01908013 | K3: 0.818809 | L3: =MAX($K$2:K3) -> 0.818809 | M3: =(K3-L3)/L3 -> 0 | N3: 2063.59 | O3: =MAX($N$2:N3) -> 2077.07 | P3: =(N3-O3)/O3 -> -0.0064899113 | U3: Amazon | V3: =MIN(G2:G2517) -> -0.56145147
A4: 42347 | B4: 26.1572 | C4: =MAX($B$2:B4) -> 26.7613 | D4: =(B4 - C4) / C4 -> -0.022573642 | E4: 33.2395 | F4: =MAX($E$2:E4) -> 33.8665 | G4: =(E4-F4)/F4 -> -0.018513871 | H4: 14.968 | I4: =MAX($H$2:H4) -> 15.4087 | J4: =(H4-I4)/I4 -> -0.028600726 | K4: 0.798069 | L4: =MAX($K$2:K4) -> 0.818809 | M4: =(K4-L4)/L4 -> -0.025329472 | N4: 2047.62 | O4: =MAX($N$2:N4) -> 2077.07 | P4: =(N4-O4)/O4 -> -0.014178627 | U4: Tesla | V4: =MIN(J2:J2516) -> -0.73632217
A5: 42348 | B5: 26.2843 | C5: =MAX($B$2:B5) -> 26.7613 | D5: =(B5 - C5) / C5 -> -0.017824246 | E5: 33.116 | F5: =MAX($E$2:E5) -> 33.8665 | G5: =(E5-F5)/F5 -> -0.022160542 | H5: 15.138 | I5: =MAX($H$2:H5) -> 15.4087 | J5: =(H5-I5)/I5 -> -0.017567997 | K5: 0.80469 | L5: =MAX($K$2:K5) -> 0.818809 | M5: =(K5-L5)/L5 -> -0.017243338 | N5: 2052.23 | O5: =MAX($N$2:N5) -> 2077.07 | P5: =(N5-O5)/O5 -> -0.011959154 | U5: Nvidia | V5: =MIN(M2:M2516) -> -0.66335097
A6: 42349 | B6: 25.6093 | C6: =MAX($B$2:B6) -> 26.7613 | D6: =(B6 - C6) / C6 -> -0.043047236 | E6: 32.0075 | F6: =MAX($E$2:E6) -> 33.8665 | G6: =(E6-F6)/F6 -> -0.054892002 | H6: 14.468 | I6: =MAX($H$2:H6) -> 15.4087 | J6: =(H6-I6)/I6 -> -0.061049926 | K6: 0.792706 | L6: =MAX($K$2:K6) -> 0.818809 | M6: =(K6-L6)/L6 -> -0.031879229 | N6: 2012.37 | O6: =MAX($N$2:N6) -> 2077.07 | P6: =(N6-O6)/O6 -> -0.031149648 | U6: S&P 500 | V6: =MIN(P2:P2516) -> -0.33924959
A7: 42352 | B7: 25.4448 | C7: =MAX($B$2:B7) -> 26.7613 | D7: =(B7 - C7) / C7 -> -0.049194172 | E7: 32.8955 | F7: =MAX($E$2:E7) -> 33.8665 | G7: =(E7-F7)/F7 -> -0.028671401 | H7: 14.572 | I7: =MAX($H$2:H7) -> 15.4087 | J7: =(H7-I7)/I7 -> -0.054300493 | K7: 0.794655 | L7: =MAX($K$2:K7) -> 0.818809 | M7: =(K7-L7)/L7 -> -0.029498943 | N7: 2021.94 | O7: =MAX($N$2:N7) -> 2077.07 | P7: =(N7-O7)/O7 -> -0.026542196
A8: 42353 | B8: 24.9982 | C8: =MAX($B$2:B8) -> 26.7613 | D8: =(B8 - C8) / C8 -> -0.06588245 | E8: 32.932 | F8: =MAX($E$2:E8) -> 33.8665 | G8: =(E8-F8)/F8 -> -0.02759364 | H8: 14.7393 | I8: =MAX($H$2:H8) -> 15.4087 | J8: =(H8-I8)/I8 -> -0.04344299 | K8: 0.80444 | L8: =MAX($K$2:K8) -> 0.818809 | M8: =(K8-L8)/L8 -> -0.017548659 | N8: 2043.41 | O8: =MAX($N$2:N8) -> 2077.07 | P8: =(N8-O8)/O8 -> -0.01620552
A9: 42354 | B9: 25.1874 | C9: =MAX($B$2:B9) -> 26.7613 | D9: =(B9 - C9) / C9 -> -0.058812539 | E9: 33.7885 | F9: =MAX($E$2:E9) -> 33.8665 | G9: =(E9-F9)/F9 -> -0.0023031609 | H9: 15.634 | I9: =MAX($H$2:H9) -> 15.634 | J9: =(H9-I9)/I9 -> 0 | K9: 0.809302 | L9: =MAX($K$2:K9) -> 0.818809 | M9: =(K9-L9)/L9 -> -0.011610766 | N9: 2073.07 | O9: =MAX($N$2:N9) -> 2077.07 | P9: =(N9-O9)/O9 -> -0.0019257897
A10: 42355 | B10: 24.6532 | C10: =MAX($B$2:B10) -> 26.7613 | D10: =(B10 - C10) / C10 -> -0.0787742 | E10: 33.5325 | F10: =MAX($E$2:E10) -> 33.8665 | G10: =(E10-F10)/F10 -> -0.0098622533 | H10: 15.5593 | I10: =MAX($H$2:H10) -> 15.634 | J10: =(H10-I10)/I10 -> -0.0047780478 | K10: 0.797101 | L10: =MAX($K$2:K10) -> 0.818809 | M10: =(K10-L10)/L10 -> -0.026511677 | N10: 2041.89 | O10: =MAX($N$2:N10) -> 2077.07 | P10: =(N10-O10)/O10 -> -0.01693732
A11: 42356 | B11: 23.9919 | C11: =MAX($B$2:B11) -> 26.7613 | D11: =(B11 - C11) / C11 -> -0.10348526 | E11: 33.207 | F11: =MAX($E$2:E11) -> 33.8665 | G11: =(E11-F11)/F11 -> -0.019473521 | H11: 15.364 | I11: =MAX($H$2:H11) -> 15.634 | J11: =(H11-I11)/I11 -> -0.017270052 | K11: 0.78418 | L11: =MAX($K$2:K11) -> 0.818809 | M11: =(K11-L11)/L11 -> -0.042291914 | N11: 2005.55 | O11: =MAX($N$2:N11) -> 2077.07 | P11: =(N11-O11)/O11 -> -0.03443312
A12: 42359 | B12: 24.2809 | C12: =MAX($B$2:B12) -> 26.7613 | D12: =(B12 - C12) / C12 -> -0.09268608 | E12: 33.2255 | F12: =MAX($E$2:E12) -> 33.8665 | G12: =(E12-F12)/F12 -> -0.018927259 | H12: 15.504 | I12: =MAX($H$2:H12) -> 15.634 | J12: =(H12-I12)/I12 -> -0.0083152104 | K12: 0.802721 | L12: =MAX($K$2:K12) -> 0.818809 | M12: =(K12-L12)/L12 -> -0.01964805 | N12: 2021.15 | O12: =MAX($N$2:N12) -> 2077.07 | P12: =(N12-O12)/O12 -> -0.02692254
A13: 42360 | B13: 24.2612 | C13: =MAX($B$2:B13) -> 26.7613 | D13: =(B13 - C13) / C13 -> -0.093422218 | E13: 33.1575 | F13: =MAX($E$2:E13) -> 33.8665 | G13: =(E13-F13)/F13 -> -0.020935142 | H13: 15.33 | I13: =MAX($H$2:H13) -> 15.634 | J13: =(H13-I13)/I13 -> -0.0194448 | K13: 0.80344 | L13: =MAX($K$2:K13) -> 0.818809 | M13: =(K13-L13)/L13 -> -0.018769945 | N13: 2038.97 | O13: =MAX($N$2:N13) -> 2077.07 | P13: =(N13-O13)/O13 -> -0.018343147
A14: 42361 | B14: 24.5735 | C14: =MAX($B$2:B14) -> 26.7613 | D14: =(B14 - C14) / C14 -> -0.081752381 | E14: 33.185 | F14: =MAX($E$2:E14) -> 33.8665 | G14: =(E14-F14)/F14 -> -0.020123131 | H14: 15.3133 | I14: =MAX($H$2:H14) -> 15.634 | J14: =(H14-I14)/I14 -> -0.020512985 | K14: 0.806655 | L14: =MAX($K$2:K14) -> 0.818809 | M14: =(K14-L14)/L14 -> -0.014843511 | N14: 2064.29 | O14: =MAX($N$2:N14) -> 2077.07 | P14: =(N14-O14)/O14 -> -0.0061528981
A15: 42362 | B15: 24.4453 | C15: =MAX($B$2:B15) -> 26.7613 | D15: =(B15 - C15) / C15 -> -0.086542881 | E15: 33.1395 | F15: =MAX($E$2:E15) -> 33.8665 | G15: =(E15-F15)/F15 -> -0.021466641 | H15: 15.3713 | I15: =MAX($H$2:H15) -> 15.634 | J15: =(H15-I15)/I15 -> -0.016803121 | K15: 0.809302 | L15: =MAX($K$2:K15) -> 0.818809 | M15: =(K15-L15)/L15 -> -0.011610766 | N15: 2060.99 | O15: =MAX($N$2:N15) -> 2077.07 | P15: =(N15-O15)/O15 -> -0.0077416746
A16: 42366 | B16: 24.1625 | C16: =MAX($B$2:B16) -> 26.7613 | D16: =(B16 - C16) / C16 -> -0.09711038 | E16: 33.76 | F16: =MAX($E$2:E16) -> 33.8665 | G16: =(E16-F16)/F16 -> -0.0031447005 | H16: 15.2633 | I16: =MAX($H$2:H16) -> 15.634 | J16: =(H16-I16)/I16 -> -0.023711142 | K16: 0.808573 | L16: =MAX($K$2:K16) -> 0.818809 | M16: =(K16-L16)/L16 -> -0.012501084 | N16: 2056.5 | O16: =MAX($N$2:N16) -> 2077.07 | P16: =(N16-O16)/O16 -> -0.0099033735
A17: 42367 | B17: 24.5982 | C17: =MAX($B$2:B17) -> 26.7613 | D17: =(B17 - C17) / C17 -> -0.080829407 | E17: 34.6985 | F17: =MAX($E$2:E17) -> 34.6985 | G17: =(E17-F17)/F17 -> 0 | H17: 15.8127 | I17: =MAX($H$2:H17) -> 15.8127 | J17: =(H17-I17)/I17 -> 0 | K17: 0.821744 | L17: =MAX($K$2:K17) -> 0.821744 | M17: =(K17-L17)/L17 -> 0 | N17: 2078.36 | O17: =MAX($N$2:N17) -> 2078.36 | P17: =(N17-O17)/O17 -> 0
A18: 42368 | B18: 24.2789 | C18: =MAX($B$2:B18) -> 26.7613 | D18: =(B18 - C18) / C18 -> -0.092760815 | E18: 34.4535 | F18: =MAX($E$2:E18) -> 34.6985 | G18: =(E18-F18)/F18 -> -0.007060824 | H18: 15.8727 | I18: =MAX($H$2:H18) -> 15.8727 | J18: =(H18-I18)/I18 -> 0 | K18: 0.814695 | L18: =MAX($K$2:K18) -> 0.821744 | M18: =(K18-L18)/L18 -> -0.0085780973 | N18: 2063.36 | O18: =MAX($N$2:N18) -> 2078.36 | P18: =(N18-O18)/O18 -> -0.007217229
... A2516: 45996 | B2516: 278.78 | C2516: =MAX($B$2:B2516) -> 286.19 | D2516: =(B2516 - C2516) / C2516 -> -0.02589189 | E2516: 229.53 | F2516: =MAX($E$2:E2516) -> 254 | G2516: =(E2516-F2516)/F2516 -> -0.096338583 | H2516: 455 | I2516: =MAX($H$2:H2516) -> 479.86 | J2516: =(H2516-I2516)/I2516 -> -0.051806777 | K2516: 182.41 | L2516: =MAX($K$2:K2516) -> 207.04 | M2516: =(K2516-L2516)/L2516 -> -0.11896252 | N2516: 6870.4 | O2516: =MAX($N$2:N2516) -> 6890.89 | P2516: =(N2516-O2516)/O2516 -> -0.0029734911
